 BRNO ,BRANCH NAME,STATE," RM0-RM1,500 "," >RM1,501-RM2,500 "," >RM2,500-RM5,000 "," >RM5,000-RM8,000 "," >RM8,000-RM15,000 "," >RM15,000-RM20,000 "," >RM20,000-RM30,000 "," >RM30,000-RM50,000 "," >RM50,0000 ", NA , Grand Total 
 001 , Kangar , PERLIS ," 29,196 "," 4,425 "," 5,560 "," 1,462 ", 291 , 6 , 13 , 5 , 7 , 6 ," 40,971 "
 002 , Alor Setar , KEDAH ," 22,804 "," 4,568 "," 5,773 "," 1,483 ", 297 , 18 , 6 , 12 , 7 , 6 ," 34,974 "
 003 , Sungai Petani , KEDAH ," 30,677 "," 4,170 "," 6,484 "," 1,997 ", 359 , 26 , 26 , 14 , 5 , 5 ," 43,763 "
 004 , Baling , KEDAH ," 22,514 "," 2,267 "," 2,950 ", 721 , 63 , 3 , 4 , 4 , 1 , 5 ," 28,532 "
 005 , Bagan Serai , PERAK ," 14,684 "," 2,797 "," 3,448 ", 916 , 93 , 9 , 4 ,, 1 ,," 21,952 "
 006 , Sungai Besar , SELANGOR ," 16,522 "," 2,799 "," 3,091 ", 834 , 101 , 1 , 4 , 3 , 2 , 3 ," 23,360 "
 007 , Jalan Ipoh , W.P KUALA LUMPUR ," 18,439 "," 6,595 "," 6,257 "," 1,232 ", 471 , 76 , 54 , 23 , 16 , 7 ," 33,170 "
 008 , Melaka , MELAKA ," 32,314 "," 5,184 "," 5,821 "," 1,296 ", 333 , 42 , 40 , 11 , 9 , 9 ," 45,059 "
 009 , Muar , JOHOR ," 19,313 "," 3,758 "," 5,381 "," 1,197 ", 222 , 12 , 6 , 1 , 3 , 4 ," 29,897 "
 010 , Temerloh , PAHANG ," 18,496 "," 2,998 "," 3,954 ", 990 , 151 , 12 , 6 , 3 , 1 , 1 ," 26,612 "
 011 , Kuala Terengganu , TERENGGANU ," 26,997 "," 5,677 "," 6,999 "," 1,869 ", 414 , 39 , 25 , 15 , 12 , 9 ," 42,056 "
 012 , Kota Bharu , KELANTAN ," 37,849 "," 4,760 "," 6,315 "," 1,596 ", 367 , 45 , 27 , 23 , 7 , 5 ," 50,994 "
 013 , Pontian , JOHOR ," 16,277 "," 2,742 "," 2,723 ", 538 , 76 , 4 , 5 , 2 ,, 4 ," 22,371 "
 014 , Kajang , SELANGOR ," 34,757 "," 4,853 "," 6,155 "," 1,727 ", 625 , 82 , 48 , 15 , 12 , 2 ," 48,276 "
 015 , Teluk Intan , PERAK ," 16,114 "," 3,187 "," 4,344 "," 1,075 ", 148 , 4 , 6 , 2 , 4 , 3 ," 24,887 "
 016 , Kuantan , PAHANG ," 33,655 "," 5,136 "," 5,454 "," 1,117 ", 287 , 34 , 27 , 16 , 21 , 9 ," 45,756 "
 017 , Johor Bahru , JOHOR ," 23,854 "," 4,401 "," 4,283 ", 649 , 171 , 21 , 19 , 6 , 2 , 3 ," 33,409 "
 018 , Banting , SELANGOR ," 21,353 "," 4,325 "," 5,234 "," 1,265 ", 271 , 30 , 28 , 3 , 7 , 5 ," 32,521 "
 019 , Jalan Tangsi , W.P KUALA LUMPUR ," 14,534 "," 6,845 "," 8,396 "," 2,191 ", 772 , 123 , 73 , 33 , 18 , 5 ," 32,990 "
 020 , Medan Gopeng , PERAK ," 16,994 "," 3,425 "," 4,770 "," 1,350 ", 227 , 11 , 6 , 3 , 2 , 5 ," 26,793 "
 021 , Seremban , NEGERI SEMBILAN ," 25,864 "," 4,811 "," 5,485 "," 1,452 ", 518 , 85 , 79 , 40 , 20 , 2 ," 38,356 "
 022 , Jitra , KEDAH ," 30,991 "," 3,380 "," 4,042 "," 1,219 ", 291 , 20 , 13 , 1 , 1 , 6 ," 39,964 "
 023 , Seberang Jaya , PULAU PINANG ," 16,188 "," 3,616 "," 3,722 ", 765 , 180 , 11 , 4 , 3 , 4 , 4 ," 24,497 "
 024 , Machang , KELANTAN ," 24,263 "," 2,842 "," 3,670 "," 1,365 ", 203 , 9 , 6 , 4 , 3 , 6 ," 32,371 "
 025 , Batu Pahat , JOHOR ," 23,740 "," 3,313 "," 4,258 "," 1,037 ", 170 , 16 , 12 , 5 , 4 , 5 ," 32,560 "
 026 , Taiping , PERAK ," 23,932 "," 4,077 "," 4,976 "," 1,159 ", 141 , 18 , 5 , 2 , 3 , 1 ," 34,314 "
 027 , Langkawi , KEDAH ," 14,983 "," 1,729 "," 1,977 ", 377 , 59 , 8 , 2 ,, 1 ,," 19,136 "
 028 , Klang , SELANGOR ," 21,563 "," 7,184 "," 6,667 "," 1,647 ", 409 , 36 , 26 , 8 , 10 , 10 ," 37,560 "
 029 , Bandar Tun Razak , W.P KUALA LUMPUR ," 22,280 "," 4,489 "," 5,921 "," 1,185 ", 412 , 61 , 53 , 18 , 16 , 3 ," 34,438 "
 030 , Jengka , PAHANG ," 18,738 "," 1,867 "," 1,760 ", 519 , 97 , 2 , 5 ,, 3 , 2 ," 22,993 "
 031 , Bahau , NEGERI SEMBILAN ," 17,351 "," 3,053 "," 3,422 ", 715 , 99 , 7 , 7 , 3 ,, 2 ," 24,659 "
 032 , Mergong , KEDAH ," 15,164 "," 4,403 "," 5,263 "," 1,317 ", 265 , 13 , 12 , 5 , 5 , 5 ," 26,452 "
 033 , Kota Tinggi , JOHOR ," 18,276 "," 3,065 "," 3,524 ", 888 , 189 , 24 , 27 , 18 , 7 , 1 ," 26,019 "
 034 , Georgetown , PULAU PINANG ," 14,777 "," 3,791 "," 3,321 ", 517 , 119 , 15 , 7 , 6 , 5 , 3 ," 22,561 "
 035 , Kulim , KEDAH ," 23,206 "," 2,839 "," 3,831 ", 893 , 112 , 9 , 5 , 3 , 5 , 5 ," 30,908 "
 036 , Manjung , PERAK ," 17,085 "," 3,708 "," 4,536 "," 1,132 ", 263 , 36 , 15 , 6 , 4 , 4 ," 26,789 "
 037 , Segamat , JOHOR ," 14,212 "," 2,771 "," 3,659 ", 920 , 118 , 3 , 3 , 4 , 1 , 5 ," 21,696 "
 038 , Subang Perdana , SELANGOR ," 16,075 "," 4,390 "," 4,662 "," 1,181 ", 510 , 58 , 41 , 22 , 6 , 3 ," 26,948 "
 039 , Jalan Pinang , W.P KUALA LUMPUR ," 8,664 "," 3,360 "," 3,904 "," 1,170 ", 661 , 105 , 69 , 30 , 4 , 2 ," 17,969 "
 040 , Kemaman , TERENGGANU ," 21,090 "," 3,140 "," 4,093 "," 1,225 ", 289 , 39 , 14 , 12 , 14 , 6 ," 29,922 "
 041 , Raub , PAHANG ," 12,399 "," 2,225 "," 2,354 ", 597 , 81 , 7 , 2 ,, 2 , 5 ," 17,672 "
 042 , Bukit Mertajam , PULAU PINANG ," 22,853 "," 4,082 "," 3,997 ", 980 , 202 , 9 , 9 , 4 , 2 , 2 ," 32,140 "
 043 , Bangsar Baru , W.P KUALA LUMPUR ," 21,258 "," 3,529 "," 3,846 ", 862 , 384 , 40 , 34 , 16 , 8 ,," 29,977 "
 044 , Meru Raya , PERAK ," 13,797 "," 3,546 "," 4,132 ", 908 , 123 , 7 , 4 , 2 , 4 , 3 ," 22,526 "
 045 , Masjid Tanah , MELAKA ," 19,822 "," 3,208 "," 3,904 "," 1,060 ", 220 , 11 , 12 , 3 , 4 , 9 ," 28,253 "
 046 , Melawati , SELANGOR ," 23,104 "," 4,530 "," 6,364 "," 1,860 ", 736 , 95 , 73 , 29 , 14 , 7 ," 36,812 "
 047 , Larkin Perdana , JOHOR ," 14,941 "," 3,936 "," 4,072 ", 701 , 123 , 7 , 15 , 8 , 4 , 3 ," 23,810 "
 048 ," Seksyen 14, Petaling Jaya ", SELANGOR ," 15,000 "," 3,408 "," 3,378 ", 747 , 314 , 44 , 18 , 15 , 7 , 2 ," 22,933 "
 049 , Kluang , JOHOR ," 19,015 "," 4,315 "," 4,308 ", 917 , 149 , 11 , 5 , 1 , 2 , 14 ," 28,737 "
 050 , Jertih , TERENGGANU ," 17,587 "," 3,193 "," 4,247 "," 1,359 ", 189 , 4 , 1 , 2 , 1 , 3 ," 26,586 "
 051 , Desa Pandan , W.P KUALA LUMPUR ," 15,612 "," 3,235 "," 3,346 ", 844 , 326 , 34 , 21 , 7 , 12 , 3 ," 23,440 "
 052 , Bayan Baru , PULAU PINANG ," 23,078 "," 3,189 "," 3,342 ", 728 , 245 , 21 , 9 , 3 , 5 , 3 ," 30,623 "
 053 , Kota Kinabalu , SABAH ," 32,017 "," 5,024 "," 6,754 "," 2,028 ", 415 , 36 , 25 , 7 , 8 , 9 ," 46,323 "
 054 , Satok , SARAWAK ," 16,702 "," 5,274 "," 7,931 "," 2,344 ", 386 , 36 , 15 , 7 , 3 , 5 ," 32,703 "
 055 , Selayang , W.P KUALA LUMPUR ," 16,312 "," 4,978 "," 5,528 "," 1,345 ", 417 , 38 , 26 , 7 , 9 , 6 ," 28,666 "
 056 , Lukut , NEGERI SEMBILAN ," 13,066 "," 3,407 "," 3,005 ", 743 , 170 , 14 , 19 , 10 , 8 , 7 ," 20,449 "
 057 , Kelana Jaya , SELANGOR ," 17,880 "," 3,750 "," 3,710 ", 984 , 418 , 48 , 37 , 12 , 14 , 3 ," 26,856 "
 058 , GLO Damansara , W.P KUALA LUMPUR ," 9,101 "," 3,168 "," 4,208 "," 1,074 ", 490 , 89 , 38 , 21 , 10 , 3 ," 18,202 "
 059 , Sungai Buloh , SELANGOR ," 19,855 "," 2,885 "," 4,303 ", 894 , 230 , 26 , 18 , 11 , 6 , 3 ," 28,231 "
 060 , Jerantut , PAHANG ," 10,815 "," 2,403 "," 2,707 ", 701 , 74 , 6 , 5 , 1 , 5 , 4 ," 16,721 "
 061 , Tapah , PERAK ," 10,525 "," 2,378 "," 2,839 ", 593 , 83 , 15 , 12 , 4 , 2 , 4 ," 16,455 "
 062 , Ampang , SELANGOR ," 17,505 "," 3,037 "," 4,103 ", 903 , 330 , 40 , 28 , 13 , 6 , 3 ," 25,968 "
 063 , Shah Alam , SELANGOR ," 51,649 "," 5,858 "," 7,547 "," 2,074 ", 936 , 100 , 56 , 24 , 21 , 4 ," 68,269 "
 064 , Usj 9 , SELANGOR ," 18,086 "," 3,510 "," 3,732 ", 979 , 384 , 78 , 32 , 20 , 8 , 1 ," 26,830 "
 065 , Gurun , KEDAH ," 14,692 "," 2,144 "," 2,728 ", 792 , 120 , 10 , 9 , 2 , 4 , 1 ," 20,502 "
 066 , Tawau , SABAH ," 21,410 "," 2,871 "," 5,036 "," 1,749 ", 194 , 10 , 2 , 3 , 3 , 8 ," 31,286 "
 067 , Miri , SARAWAK ," 11,613 "," 2,163 "," 2,942 ", 737 , 132 , 10 , 6 , 1 , 2 , 8 ," 17,614 "
 068 ," Taman Universiti, Skudai ", JOHOR ," 22,902 "," 3,345 "," 4,672 "," 1,166 ", 413 , 35 , 26 , 5 , 3 , 3 ," 32,570 "
 069 , Puchong , SELANGOR ," 21,696 "," 3,880 "," 4,316 "," 1,032 ", 339 , 31 , 28 , 8 , 13 , 3 ," 31,346 "
 070 , Port Klang , SELANGOR ," 32,753 "," 4,418 "," 4,128 ", 850 , 187 , 13 , 13 , 4 , 5 , 3 ," 42,374 "
 071 , Sandakan , SABAH ," 23,683 "," 2,689 "," 3,818 "," 1,174 ", 138 , 4 , 13 , 3 , 5 , 3 ," 31,530 "
 072 , Jelutong , PULAU PINANG ," 10,254 "," 3,034 "," 3,399 ", 476 , 114 , 5 , 5 , 1 , 4 , 4 ," 17,296 "
 073 , Bintulu , SARAWAK ," 13,624 "," 2,878 "," 3,868 ", 949 , 194 , 16 , 8 , 3 , 4 , 4 ," 21,548 "
 074 , Likas , SABAH ," 17,257 "," 4,575 "," 5,885 "," 1,824 ", 336 , 10 , 5 , 4 , 4 , 20 ," 29,920 "
 075 , Shamelin , W.P KUALA LUMPUR ," 13,796 "," 2,976 "," 3,492 ", 798 , 313 , 40 , 30 , 15 , 4 , 3 ," 21,467 "
 076 , Pj Old Town , SELANGOR ," 14,136 "," 3,779 "," 3,341 ", 666 , 181 , 25 , 13 , 8 , 6 , 4 ," 22,159 "
 077 , Tampin , NEGERI SEMBILAN ," 11,522 "," 2,778 "," 2,925 ", 712 , 124 , 13 , 8 , 2 , 1 , 3 ," 18,088 "
 078 , Simpg Tiga , SARAWAK ," 12,718 "," 2,814 "," 4,212 "," 1,137 ", 196 , 7 , 3 , 2 , 1 , 11 ," 21,101 "
 079 , Masai , JOHOR ," 24,760 "," 3,757 "," 5,446 ", 953 , 172 , 14 , 6 , 3 , 6 , 2 ," 35,119 "
 080 , Bandar Baru Bangi , SELANGOR ," 33,891 "," 3,046 "," 4,502 "," 1,727 ", 847 , 97 , 72 , 35 , 20 , 4 ," 44,241 "
 081 , Labuan , W.P LABUAN ," 10,187 "," 1,404 "," 2,223 ", 587 , 116 , 13 , 11 , 3 , 1 , 3 ," 14,548 "
 082 , Keningau , SABAH ," 16,494 "," 1,922 "," 3,225 "," 1,282 ", 123 , 5 , 3 , 1 , 2 , 4 ," 23,061 "
 083 , Kuala Kangsar , PERAK ," 17,426 "," 2,757 "," 3,425 ", 960 , 139 , 16 , 10 , 5 , 3 , 1 ," 24,742 "
 084 , Sibu , SARAWAK ," 18,931 "," 2,410 "," 3,433 ", 794 , 78 , 3 , 1 ,, 2 , 5 ," 25,657 "
 085 , Kuala Selangor , SELANGOR ," 14,966 "," 2,440 "," 2,571 ", 544 , 123 , 9 , 12 , 5 , 6 , 5 ," 20,681 "
 086 , Greentown , PERAK ," 19,878 "," 3,137 "," 4,884 "," 1,017 ", 155 , 17 , 16 , 4 , 8 , 3 ," 29,119 "
 087 , Mersing , JOHOR ," 8,165 "," 2,115 "," 2,202 ", 402 , 61 , 11 , 11 , 4 , 4 , 2 ," 12,977 "
 088 , Pasir Mas , KELANTAN ," 25,791 "," 2,353 "," 3,638 "," 1,218 ", 201 , 8 , 8 , 6 , 8 , 1 ," 33,232 "
 089 , Lahad Datu , SABAH ," 10,710 "," 1,218 "," 1,955 ", 628 , 66 , 12 , 10 ,, 4 , 2 ," 14,605 "
 090 , Sri Aman , SARAWAK ," 10,144 "," 1,735 "," 2,569 ", 774 , 53 , 2 , 1 ,,, 8 ," 15,286 "
 091 , Jasin , MELAKA ," 13,919 "," 2,840 "," 3,316 ", 862 , 105 , 5 , 4 , 1 ,, 5 ," 21,057 "
 092 , Yong Peng , JOHOR ," 6,951 "," 1,373 "," 1,678 ", 396 , 43 , 2 ,, 1 , 1 , 3 ," 10,448 "
 093 , Serdang Raya , SELANGOR ," 13,072 "," 2,957 "," 3,698 ", 884 , 335 , 30 , 20 , 3 , 5 ,," 21,004 "
 094 , Dungun , TERENGGANU ," 15,535 "," 2,006 "," 2,632 ", 728 , 147 , 18 , 7 , 1 , 2 , 2 ," 21,078 "
 095 , Tanjung Malim , PERAK ," 20,959 "," 2,957 "," 3,303 "," 1,028 ", 186 , 16 , 10 , 1 , 4 , 4 ," 28,468 "
 096 , Setapak , W.P KUALA LUMPUR ," 33,578 "," 3,449 "," 4,336 ", 857 , 261 , 29 , 11 , 9 , 2 , 5 ," 42,537 "
 097 , Kulai , JOHOR ," 15,218 "," 2,173 "," 2,364 ", 556 , 119 , 20 , 13 , 5 , 5 , 4 ," 20,477 "
 098 , Putrajaya , W.P PUTRAJAYA ," 12,240 "," 5,973 "," 6,804 "," 2,071 ", 842 , 95 , 47 , 9 , 13 , 1 ," 28,095 "
 099 , Rawang , SELANGOR ," 22,184 "," 3,512 "," 4,446 "," 1,228 ", 296 , 33 , 17 , 8 , 8 , 3 ," 31,735 "
 100 , Pekan , PAHANG ," 17,989 "," 1,836 "," 1,853 ", 490 , 63 , 1 , 3 , 1 , 1 , 4 ," 22,241 "
 101 , Kota Belud , SABAH ," 17,112 "," 1,220 "," 1,992 ", 860 , 70 ,, 1 , 1 , 3 , 3 ," 21,262 "
 102 , Sarikei , SARAWAK ," 12,300 "," 1,800 "," 2,462 ", 812 , 59 , 1 , 2 ,,, 4 ," 17,440 "
 103 , Nilai , NEGERI SEMBILAN ," 24,592 "," 3,883 "," 3,568 ", 991 , 310 , 44 , 21 , 12 , 8 , 4 ," 33,433 "
 104 , Kepong , W.P KUALA LUMPUR ," 11,926 "," 2,571 "," 2,617 ", 482 , 154 , 25 , 12 , 10 , 7 ,," 17,804 "
 105 , Kubang Kerian , KELANTAN ," 28,747 "," 3,625 "," 5,936 "," 1,912 ", 390 , 28 , 13 , 5 , 8 , 5 ," 40,669 "
 106 , Bdr Sri Iskandar , PERAK ," 14,608 "," 1,987 "," 2,412 ", 603 , 107 , 7 , 2 , 1 ,, 2 ," 19,729 "
 107 , Muadzam Shah , PAHANG ," 12,843 "," 1,223 "," 1,393 ", 457 , 110 , 15 , 10 , 4 , 4 , 1 ," 16,060 "
 108 , Gua Musang , KELANTAN ," 17,311 "," 1,569 "," 1,699 ", 417 , 49 , 3 , 2 , 1 ,, 3 ," 21,054 "
 109 , Kota Samarahan , SARAWAK ," 25,932 "," 1,881 "," 2,756 ", 906 , 115 , 3 , 3 , 2 , 1 , 6 ," 31,605 "
 110 , Penampang , SABAH ," 9,041 "," 1,520 "," 2,376 ", 669 , 102 , 2 , 1 , 1 , 3 , 5 ," 13,720 "
 111 , Jawi , PULAU PINANG ," 13,905 "," 2,080 "," 3,083 ", 773 , 98 , 10 , 3 ,, 1 ,," 19,953 "
 112 , Senawang , NEGERI SEMBILAN ," 14,326 "," 2,328 "," 2,991 ", 877 , 177 , 16 , 10 , 2 , 6 , 2 ," 20,735 "
 113 , Bandar Indera Mahkota , PAHANG ," 17,661 "," 3,676 "," 4,756 "," 1,338 ", 286 , 29 , 22 , 6 , 10 , 3 ," 27,787 "
 114 , Ayer Keroh , MELAKA ," 23,283 "," 2,925 "," 3,575 ", 894 , 171 , 20 , 8 , 3 , 2 , 3 ," 30,884 "
 115 ," Presint 15, Putrajaya ", W.P PUTRAJAYA ," 8,960 "," 2,729 "," 3,725 "," 1,095 ", 416 , 43 , 29 , 14 , 13 , 2 ," 17,026 "
 116 , Gong Badak , TERENGGANU ," 24,221 "," 1,916 "," 3,044 "," 1,040 ", 233 , 11 , 11 , 2 , 3 , 3 ," 30,484 "
 117 , Mukah , SARAWAK ," 9,299 ", 975 ," 1,542 ", 450 , 41 ,,,, 1 , 2 ," 12,310 "
 118 , Wakaf Che Yeh , KELANTAN ," 16,440 "," 2,305 "," 3,494 "," 1,086 ", 162 , 12 , 7 , 5 , 2 , 6 ," 23,519 "
 119 , Tanah Merah , KELANTAN ," 16,181 "," 1,792 "," 3,179 "," 1,071 ", 136 , 2 , 5 , 2 , 4 , 6 ," 22,378 "
 120 , Arau , PERLIS ," 16,548 "," 2,102 "," 2,666 ", 729 , 127 , 2 , 2 ,, 4 , 5 ," 22,185 "
 121 , Beaufort , SABAH ," 12,261 "," 1,272 "," 2,401 ", 945 , 79 , 12 , 11 , 2 ,, 4 ," 16,987 "
 122 , Kepala Batas , PULAU PINANG ," 13,879 "," 2,676 "," 4,153 "," 1,305 ", 236 , 6 , 5 , 1 , 4 , 4 ," 22,269 "
 123 ," Seksyen 23, Shah Alam ", SELANGOR ," 13,625 "," 2,954 "," 3,620 ", 961 , 260 , 28 , 14 , 7 , 9 , 4 ," 21,482 "
 124 , Tanjung Karang , SELANGOR ," 5,417 "," 1,052 "," 1,119 ", 324 , 51 , 4 , 1 , 1 , 1 , 1 ," 7,971 "
 125 , Bera , PAHANG ," 9,145 ", 919 ," 1,131 ", 316 , 35 , 4 , 4 , 1 , 1 , 2 ," 11,558 "
 126 , Kuala Nerang , KEDAH ," 12,427 ", 987 ," 1,354 ", 400 , 65 , 9 , 6 ,,, 2 ," 15,250 "
 127 , Matang Jaya , SARAWAK ," 11,239 "," 1,198 "," 1,995 ", 778 , 101 , 6 , 2 ,, 3 , 2 ," 15,324 "
 128 , Kapit , SARAWAK ," 2,854 ", 431 , 786 , 176 , 9 , 1 ,,,,," 4,257 "
 129 , Limbang , SARAWAK ," 4,847 ", 777 ," 1,335 ", 346 , 26 ,, 2 , 1 , 1 , 1 ," 7,336 "
 130 , Grik , PERAK ," 4,858 "," 1,377 "," 1,787 ", 455 , 45 , 8 , 6 , 3 , 2 , 1 ," 8,542 "
 131 , Kota Padawan , SARAWAK ," 6,262 "," 1,004 "," 1,638 ", 670 , 69 , 1 , 4 , 3 , 1 , 4 ," 9,656 "
 132 , Permy Jaya , SARAWAK ," 5,823 ", 736 ," 1,239 ", 336 , 47 , 5 , 2 , 2 , 1 , 3 ," 8,194 "
 133 , Pendang , KEDAH ," 12,378 "," 1,461 "," 2,231 ", 710 , 78 , 4 , 4 ,, 3 , 1 ," 16,870 "
 134 , Kuala Lipis , PAHANG ," 6,687 "," 1,048 "," 1,500 ", 521 , 70 ,,,, 1 , 6 ," 9,833 "
 135 , Kota Marudu , SABAH ," 14,354 ", 571 ," 1,229 ", 785 , 88 , 6 , 14 , 5 , 2 ,," 17,054 "
 136 , Kertih , TERENGGANU ," 6,333 ", 922 ," 1,385 ", 604 , 183 , 30 , 27 , 5 , 3 ,," 9,492 "
 137 , Putatan , SABAH ," 6,562 ", 892 ," 1,299 ", 493 , 68 , 2 , 1 , 1 ,, 3 ," 9,321 "
 138 , Cyberjaya , SELANGOR ," 8,268 "," 1,248 "," 2,253 ", 868 , 339 , 50 , 29 , 4 , 4 , 1 ," 13,064 "
 139 , Desa Sri Hartamas , W.P KUALA LUMPUR ," 2,375 ", 625 , 896 , 297 , 119 , 23 , 15 , 6 , 2 ,," 4,358 "
 140 , Nusajaya , JOHOR ," 5,283 "," 1,389 "," 1,747 ", 284 , 80 , 8 , 4 , 4 , 3 ,," 8,802 "
 141 , Bentong , PAHANG ," 4,400 ", 830 ," 1,145 ", 291 , 32 , 4 , 2 ,, 2 ,," 6,706 "
 142 , Kuala Krai , KELANTAN ," 10,092 ", 964 ," 1,602 ", 639 , 66 ,,,,, 5 ," 13,368 "
 143 , Marang , TERENGGANU ," 7,614 "," 1,259 "," 1,713 ", 477 , 68 , 2 , 5 , 2 , 2 , 1 ," 11,143 "
 144 , Semporna , SABAH ," 8,099 ", 552 ," 1,215 ", 630 , 43 ,,, 1 , 1 ,," 10,541 "
 145 , Labis , JOHOR ," 2,984 ", 636 , 975 , 253 , 29 ,,,,, 2 ," 4,879 "
 146 , Utama , W.P KUALA LUMPUR ," 5,582 ", 956 ," 1,951 ", 791 , 422 , 86 , 53 , 21 , 13 , 1 ," 9,876 "
 147 , Kuala Berang , TERENGGANU ," 4,689 ", 983 ," 1,436 ", 364 , 43 , 3 ,, 2 ,, 1 ," 7,521 "
 148 , Kuala Pilah , NEGERI SEMBILAN ," 4,757 ", 837 ," 1,081 ", 255 , 36 , 1 , 1 , 1 ,,," 6,969 "
170,SBWJALANIPOH,W.P KUALA LUMPUR, 33 ,,,,,,,,,, 33 
173,SBWSHAMELIN ,W.P KUALA LUMPUR,, 2 , 2 ,, 1 ,,,,,, 5 
176,SBWSENAWANG ,NEGERI SEMBILAN, 1 ,,,,,,,,,, 1 
181,SBWMENTAKAB ,PAHANG, 1 ,,,,,,,,,, 1 
190,HPJJLNTANGSI,W.P KUALA LUMPUR, 161 , 462 ," 1,116 ", 520 , 259 , 27 , 18 , 8 , 3 , 1 ," 2,575 "
191,HPJSHAHALAM ,SELANGOR, 70 , 349 , 493 , 154 , 45 , 8 , 7 , 1 , 2 ,," 1,129 "
192,HPJ_SEB_JAYA,PULAU PINANG, 38 , 191 , 407 , 145 , 19 , 3 ,,,,, 803 
193,HPJ_NUSAJAYA,JOHOR, 47 , 101 , 196 , 53 , 13 , 1 ,,, 1 ,, 412 
 299 , Pusat Kewangan Auto Jalan Ipoh , W.P KUALA LUMPUR , 154 , 296 ," 1,179 ", 447 , 146 , 19 , 13 , 6 , 3 ,," 2,263 "
 380 , Rakyat Xcess/X'Change Kampar , PERAK ," 6,933 ", 284 , 471 , 107 , 12 , 3 ,,,,," 7,810 "
 381 , Rakyat Xcess Bukit Gambir , JOHOR ," 2,969 ", 313 , 380 , 110 , 14 ,,,,,," 3,786 "
 382 , Rakyat Xcess/X'Change Bangi , SELANGOR ," 4,719 ", 549 , 966 , 372 , 176 , 26 , 9 , 6 , 2 ,," 6,825 "
 383 , Rakyat Xcess/X'Change Alor Setar , KEDAH ," 4,620 ", 567 , 673 , 176 , 27 ,,, 1 , 8 ,," 6,072 "
 384 , Rakyat Xcess/X'Change Sik , KEDAH ," 7,112 ", 588 , 770 , 244 , 18 ,, 1 , 1 , 1 , 1 ," 8,736 "
 385 , Rakyat Xcess Sungai Petani , KEDAH ," 6,189 ", 762 ," 1,063 ", 308 , 33 , 1 , 3 ,,, 2 ," 8,361 "
 386 , Rakyat Xcess/X'Change Enstek , NEGERI SEMBILAN ," 3,472 ", 629 , 629 , 199 , 62 , 8 , 4 , 2 , 1 , 2 ," 5,008 "
 387 , Rakyat Xcess/X'Change Kuala Rompin , PAHANG ," 4,564 ", 201 , 243 , 41 , 13 ,, 1 ,,,," 5,063 "
 388 , Rakyat Xcess/X'Change Jeli , KELANTAN ," 5,458 ", 429 , 610 , 189 , 26 ,,,, 1 , 2 ," 6,715 "
 389 , Rakyat Xcess/X'Change Chabang Tiga , TERENGGANU ," 6,424 "," 1,137 "," 1,977 ", 542 , 86 , 3 , 5 , 1 , 4 , 2 ," 10,181 "
 390 , Rakyat Xcess Cameron Highlands , PERAK ," 1,146 ", 173 , 174 , 45 , 5 ,,,,,," 1,543 "
 391 , Rakyat Xcess Serian , SARAWAK ," 3,534 ", 307 , 544 , 264 , 8 , 2 , 1 ,,, 2 ," 4,662 "
 392 , Rakyat Xcess Seremban 2 , NEGERI SEMBILAN ," 3,646 ", 285 , 479 , 122 , 26 , 3 , 2 ,,, 1 ," 4,564 "
 393 , Rakyat Xcess/X'Change Mentakab , PAHANG ," 2,707 ", 261 , 420 , 72 , 8 ,,,,,," 3,468 "
 394 , Rakyat Xcess/X'Change Beranang , SELANGOR ," 4,833 ", 493 , 893 , 301 , 68 , 4 , 2 , 1 , 2 , 1 ," 6,598 "
 395 , Rakyat Xcess/X'Change Btasik Puteri , SELANGOR ," 5,694 ", 273 , 429 , 166 , 33 , 4 , 2 ,, 2 ,," 6,603 "
 396 , Rakyat Xcess Saujana Utama , SELANGOR ," 4,962 ", 345 , 556 , 203 , 40 , 3 , 1 , 1 ,,," 6,111 "
 397 , Rakyat Xcess Benut , JOHOR ," 7,929 ", 266 , 393 , 107 , 18 ,,,,, 1 ," 8,714 "
 398 , Rakyat Xcess Parit Raja , JOHOR ," 6,101 ", 541 ," 1,028 ", 370 , 75 , 5 , 3 ,, 1 , 1 ," 8,125 "
 399 , Rakyat Xcess Gemas , NEGERI SEMBILAN ," 3,478 ", 509 , 623 , 129 , 8 , 1 ,, 1 , 1 , 2 ," 4,752 "
 401 , Ar-Rahnu X'Change Kota Bharu , KELANTAN ," 2,704 ", 173 , 213 , 33 , 6 , 2 ,, 1 ,, 1 ," 3,133 "
 402 , Ar-Rahnu X'Change Ulu Tiram , JOHOR ," 3,564 ", 272 , 190 , 29 , 9 ,, 1 ,,,," 4,065 "
 403 , Ar-Rahnu X'Change Ampang , SELANGOR ," 3,036 ", 684 , 718 , 115 , 41 , 5 , 8 , 1 , 6 ,," 4,614 "
 404 , Ar-Rahnu X'Change Alor Setar , KEDAH , 589 , 31 , 21 ,,,,, 1 , 6 ,, 648 
 405 , Ar-Rahnu X'Change Kuantan , PAHANG ," 2,980 ", 177 , 161 , 24 , 7 ,,,, 2 ,," 3,351 "
 406 , Ar-Rahnu X'Change Kemaman , TERENGGANU ," 2,884 ", 86 , 42 , 6 ,,,,,,," 3,018 "
 407 , Ar-Rahnu X'Change Sentul , W.P KUALA LUMPUR ," 1,891 ", 291 , 169 , 22 , 6 ,, 3 ,,,," 2,382 "
 408 , Ar-Rahnu X'Change Teluk Intan , PERAK ," 1,047 ", 218 , 176 , 30 , 6 ,,,,, 1 ," 1,478 "
 409 , Ar-Rahnu X'Change Sg Petani , KEDAH , 443 , 36 , 23 , 3 , 1 ,,,, 1 ,, 507 
 410 , Ar-Rahnu X'Change Mentakab , PAHANG , 57 , 2 ,,,,,,,,, 59 
 411 , Ar-Rahnu X'Change Muar , JOHOR ," 2,582 ", 241 , 226 , 36 , 4 ,, 3 ,,,," 3,092 "
 412 , Ar-Rahnu X'Change Melaka Sentral , MELAKA ," 2,122 ", 457 , 414 , 68 , 12 , 1 ,,,,," 3,074 "
 413 , Ar-Rahnu X'Change Balakong , SELANGOR ," 1,792 ", 197 , 222 , 48 , 15 , 2 , 5 , 1 ,,," 2,282 "
 414 , Ar-Rahnu X'Change Mergong , KEDAH ," 3,309 ", 495 , 534 , 114 , 27 , 2 , 1 ,, 1 ,," 4,483 "
 415 , Ar-Rahnu X'Change Kuala Pilah , NEGERI SEMBILAN , 92 , 15 , 21 , 2 , 1 ,,,,,, 131 
 416 , Ar-Rahnu X'Change Batang Kali , SELANGOR , 670 , 71 , 61 , 11 , 2 ,,,,,, 815 
 417 , Ar-Rahnu X'Change Tangkak , MELAKA , 914 , 73 , 72 , 10 , 2 ,,,,,," 1,071 "
 418 , Ar-Rahnu X'Change Simpang , PERAK ," 1,174 ", 91 , 93 , 15 , 1 , 1 ,,,, 1 ," 1,376 "
 419 , Ar-Rahnu X'Change Pagoh , JOHOR , 166 , 8 , 17 , 2 ,,,,,,, 193 
 420 , Ar-Rahnu X'Change Hulu Kelang , SELANGOR , 561 , 93 , 114 , 23 , 8 , 1 , 1 ,, 3 ,, 804 
 421 , Ar-Rahnu X'Change Sg Udang , MELAKA ," 1,622 ", 226 , 178 , 22 , 6 , 1 ,,,,," 2,055 "
 422 , Ar-Rahnu X'Change Rembau , NEGERI SEMBILAN , 918 , 84 , 69 , 11 , 2 , 1 ,,,,," 1,085 "
 423 , Ar-Rahnu X'Change Changlun , KEDAH , 887 , 81 , 100 , 14 , 8 ,,,,, 1 ," 1,091 "
 424 , Ar-Rahnu X'Change Jelawat , KELANTAN ," 1,362 ", 101 , 144 , 32 , 4 , 1 ,,,,," 1,644 "
 425 , Ar-Rahnu X'Change Batu Gajah , PERAK , 810 , 126 , 112 , 18 ,,,,,,," 1,066 "
 426 , Ar-Rahnu X'Change Kluang , JOHOR ," 1,126 ", 216 , 184 , 32 , 6 ,,,, 1 , 1 ," 1,566 "
 427 , Ar-Rahnu X'Change Parit Raja , JOHOR , 78 , 6 , 8 , 3 ,,,,,,, 95 
 428 , Ar-Rahnu X'Change Benut , JOHOR , 13 , 1 , 1 ,,,,,,,, 15 
 429 , Ar-Rahnu X'Change Saujana Utama , SELANGOR , 261 , 29 , 49 , 4 , 1 , 1 ,,,,, 345 
 430 , Ar-Rahnu X'Change Masai , JOHOR ," 1,946 ", 141 , 191 , 32 , 3 ,,,,,," 2,313 "
 431 , Ar-Rahnu X'Change Satok , SARAWAK ," 2,181 ", 333 , 489 , 122 , 16 , 2 ,, 1 ,,," 3,144 "
 432 , Ar-Rahnu X'Change Sitiawan , PERAK ," 1,071 ", 133 , 120 , 14 , 8 ,, 1 ,,,," 1,347 "
 433 , Ar-Rahnu X'Change Langkawi , KEDAH ," 1,595 ", 109 , 69 , 5 , 1 , 1 ,,,,," 1,780 "
 434 , Ar-Rahnu X'Change Jln Rakyat , W.P KUALA LUMPUR , 555 , 106 , 114 , 39 , 12 , 1 , 1 , 1 ,,, 829 
 475 , Bank Bergerak Kota Bharu , KELANTAN , 523 , 5 ,,,,,,,,, 528 
 476 , Bank Bergerak Temerloh , PAHANG ," 2,389 ", 44 , 42 , 4 , 2 ,,, 1 ,,," 2,482 "
 477 , Bank Bergerak Kuala Lumpur , W.P KUALA LUMPUR , 601 , 44 , 23 , 1 , 3 ,,,,,, 672 
 478 , Bank Bergerak Alor Setar , KEDAH , 640 , 34 , 44 , 10 , 1 ,,,,,, 729 
 496 ,HQ,W.P KUALA LUMPUR, 1 , 10 , 6 , 1 ,, 1 ,,,,, 19 
 497 ,HQ,W.P KUALA LUMPUR," 41,808 "," 46,304 "," 132,842 "," 43,537 "," 7,931 ", 577 , 372 , 126 , 103 , 108 ," 273,708 "
 498 ,HQ,W.P KUALA LUMPUR, 42 , 1 , 4 ,,,,,,,, 47 
 499 ,HQ,W.P KUALA LUMPUR, 67 , 110 , 190 , 78 , 39 , 5 , 8 , 1 , 1 ,, 499 
 500 ,HQ,W.P KUALA LUMPUR, 884 , 707 , 739 , 137 , 30 , 7 , 1 , 3 , 2 , 1 ," 2,511 "
 Grand Total ,,," 2,672,090 "," 484,160 "," 680,408 "," 189,290 "," 41,341 "," 3,983 "," 2,661 "," 1,087 ", 879 , 672 ," 4,076,571 "
